day,Person 0,Person 1,Person 2,Person 3,Person 4,Person 5,Person 6,Person 7,Person 8,Person 9,Person 10,Person 11,Person 12,Person 13,Person 14,Person 15,Person 16,Person 17,Person 18,Person 19,Person 20,Person 21,Person 22,Person 23,Person 24,Person 25,Person 26,Person 27,Person 28,Person 29
day 0,True,False,False,False,False,False,False,False,False,False,False,False,False,False,False,False,False,False,False,False,False,False,False,False,False,False,False,False,False,False
day 1,True,False,False,False,False,False,False,False,False,False,False,False,False,False,False,False,False,False,False,False,False,False,False,False,False,False,False,False,False,False
day 2,True,False,False,False,False,False,False,False,False,False,False,False,False,False,False,False,False,False,False,False,False,False,False,False,False,False,False,False,False,False
day 3,True,False,False,False,False,False,False,False,False,False,False,False,False,False,False,False,False,False,False,False,False,False,False,False,False,False,False,False,False,False
day 4,True,False,False,False,False,False,False,False,False,False,False,False,False,False,False,False,False,False,False,False,False,False,False,False,False,False,False,False,False,False
day 5,True,False,False,False,False,False,False,False,False,False,False,False,False,False,False,False,False,False,False,False,False,False,False,False,False,False,False,False,False,False
day 6,True,False,False,False,False,False,False,False,False,False,False,False,False,False,False,False,False,False,False,False,False,False,False,False,False,False,False,False,False,False
day 7,True,True,False,False,False,False,False,False,False,False,False,False,False,False,False,False,False,False,False,False,False,False,False,False,False,False,False,False,False,False
day 8,True,True,False,False,False,False,False,False,False,False,False,False,False,False,False,False,False,False,False,False,False,False,False,False,False,False,False,False,False,False
day 9,True,True,False,False,False,False,False,False,False,False,False,False,False,False,False,False,False,False,False,False,False,False,False,False,False,False,False,False,False,False
day 10,True,True,False,False,False,False,False,False,False,False,False,False,False,False,False,False,False,False,False,False,False,False,False,False,False,False,False,False,False,False
day 11,True,True,False,False,False,False,False,False,False,False,False,False,False,False,False,False,False,False,False,False,False,False,False,False,False,False,False,False,False,False
day 12,True,True,False,False,False,False,False,False,False,False,False,False,False,False,False,False,False,False,False,False,False,False,False,False,False,False,False,False,False,False
day 13,True,True,False,False,False,False,False,False,False,False,False,False,False,False,False,False,False,False,False,False,False,False,False,False,False,False,False,False,False,False
day 14,True,True,False,False,False,False,False,False,False,False,False,False,False,False,False,False,False,False,False,False,False,False,False,False,False,False,False,False,False,False
day 15,True,True,False,False,False,False,False,False,False,False,False,False,False,False,False,False,False,False,False,False,False,False,False,False,False,False,False,False,False,False
day 16,True,True,False,False,False,False,False,False,False,False,False,False,False,False,False,False,False,False,False,False,False,False,False,False,False,False,False,False,False,False
day 17,True,True,False,False,False,False,False,False,False,False,False,False,False,False,False,False,False,False,False,False,False,False,False,False,False,False,False,False,False,False
day 18,True,True,False,False,False,False,False,False,False,False,False,False,False,False,False,False,False,False,False,False,False,False,False,False,False,False,False,False,False,False
day 19,True,True,False,False,False,False,False,False,False,False,False,False,False,False,False,False,False,False,False,False,False,False,False,False,False,False,False,False,False,False
day 20,True,True,False,False,False,False,False,False,False,False,False,False,False,False,False,False,False,False,False,False,False,False,False,False,False,False,False,False,False,False
day 21,True,True,False,False,False,False,False,False,False,False,False,True,False,False,False,False,False,False,False,False,False,False,False,False,False,False,False,False,False,False
day 22,True,True,False,False,False,False,False,False,False,False,False,True,False,False,False,False,False,False,False,False,False,False,False,False,False,False,False,False,False,False
day 23,True,True,False,False,False,False,False,False,False,False,False,True,False,False,False,False,False,False,False,False,False,False,False,False,False,False,False,False,False,False
day 24,True,True,False,False,False,False,False,False,False,False,False,True,False,False,False,False,False,False,False,False,False,False,False,False,False,False,False,False,False,False
day 25,True,True,False,False,False,False,False,False,False,False,False,True,False,False,False,False,False,False,False,False,False,False,False,False,False,False,False,False,False,False
day 26,True,True,False,False,False,False,False,False,False,False,False,True,False,False,False,False,False,False,False,False,False,False,False,False,False,False,False,False,False,False
day 27,True,True,False,False,False,False,False,False,False,False,False,True,False,False,False,False,False,False,False,False,False,False,False,False,False,False,False,False,False,False
day 28,True,True,False,False,False,False,False,False,False,False,False,True,False,False,False,False,False,False,False,False,False,False,False,False,False,False,False,False,False,False
day 29,True,True,False,False,False,False,False,False,False,False,False,True,False,False,False,False,False,False,False,False,False,False,False,False,False,False,False,False,False,False
day 30,True,True,False,False,False,False,False,False,False,False,False,True,False,False,False,False,False,False,False,False,False,False,False,False,False,False,False,False,False,False
day 31,True,True,False,False,False,False,False,False,False,False,False,True,False,False,False,False,False,False,False,False,False,False,False,False,False,False,False,False,False,False
day 32,True,True,False,False,False,False,False,False,False,False,False,True,False,False,False,False,False,False,False,False,False,False,False,False,False,False,False,False,False,False
day 33,True,True,False,False,False,False,False,False,False,False,False,True,False,False,False,False,False,False,False,False,False,False,False,False,False,False,False,False,False,False
day 34,True,True,False,False,False,False,False,False,False,False,False,True,False,False,False,False,False,False,False,False,False,False,False,False,False,False,False,False,False,False
day 35,True,True,False,False,False,False,False,False,False,False,False,True,False,False,False,False,False,False,False,False,False,False,False,False,False,False,False,False,False,False
day 36,True,True,False,False,False,False,False,False,False,False,False,True,False,False,False,False,False,False,False,False,False,False,False,False,False,False,False,False,False,False
day 37,True,True,False,False,False,False,False,False,False,False,False,True,False,False,False,False,False,False,False,False,False,False,False,False,False,False,False,False,False,False
day 38,True,True,False,False,False,False,False,False,False,False,False,True,False,False,False,False,False,False,False,False,False,False,False,False,False,False,False,False,False,False
day 39,True,True,False,False,False,False,False,False,False,False,False,True,False,False,False,False,False,False,False,False,False,False,False,False,False,False,False,False,False,False
day 40,True,True,False,False,False,False,False,False,False,False,False,True,False,False,False,False,False,False,False,False,False,False,False,False,False,False,False,False,False,False
day 41,True,True,False,True,False,False,False,False,False,False,False,True,False,False,False,False,True,False,False,False,False,False,False,False,False,False,False,False,False,False
day 42,True,True,False,True,False,False,False,False,False,False,False,True,False,False,False,False,True,False,False,False,False,False,False,False,False,False,False,False,False,False
day 43,True,True,False,True,False,False,False,False,False,False,False,True,False,False,False,False,True,False,False,False,False,False,False,False,False,False,False,False,False,False
day 44,True,True,False,True,False,False,False,False,False,False,False,True,False,False,False,False,True,False,False,False,False,False,False,False,False,False,False,False,False,False
day 45,True,True,False,True,False,False,False,False,False,False,False,True,False,False,False,False,True,False,False,False,False,False,False,False,False,False,False,False,False,False
day 46,True,True,False,True,False,False,False,False,False,False,False,True,False,False,False,False,True,False,False,False,False,False,False,False,False,False,False,False,False,False
day 47,True,True,False,True,False,False,False,False,False,False,False,True,False,False,False,False,True,False,False,False,False,False,False,False,False,False,False,False,False,False
day 48,True,True,False,True,False,False,False,False,False,False,False,True,False,False,False,False,True,False,False,False,False,False,False,False,False,False,False,False,False,False
day 49,True,True,False,True,False,False,False,False,False,False,False,True,False,False,False,False,True,False,False,False,False,False,False,False,False,False,False,False,False,False
day 50,True,True,False,True,False,False,False,False,False,False,False,True,False,False,False,False,True,False,False,False,False,False,False,False,False,False,False,False,False,False
day 51,True,True,False,True,False,False,False,False,False,False,False,True,False,False,False,False,True,False,False,False,False,False,False,False,False,False,False,False,False,False
day 52,True,True,False,True,False,False,False,False,False,False,False,True,False,False,False,False,True,False,False,False,False,False,False,False,False,False,False,False,False,False
day 53,True,True,False,True,False,False,False,False,False,False,False,True,False,False,False,False,True,False,False,False,False,False,False,False,False,False,False,False,False,False
day 54,True,True,False,True,False,False,False,False,False,False,False,True,False,False,False,False,True,False,False,False,False,False,False,False,False,False,False,False,False,False
day 55,True,True,False,True,False,False,False,False,False,False,False,True,False,False,False,False,True,False,False,False,False,False,False,False,False,False,False,False,False,False
day 56,True,True,False,True,False,False,False,False,False,False,False,True,False,False,False,False,True,False,False,False,False,False,False,False,False,False,False,False,False,False
day 57,True,True,False,True,False,False,False,False,False,False,False,True,False,False,False,False,True,False,False,False,False,False,False,False,False,False,False,False,False,False
day 58,True,True,False,True,False,False,False,False,False,False,False,True,False,False,False,False,True,False,False,False,False,False,False,False,False,False,False,False,False,False
day 59,True,True,False,True,False,False,False,False,False,False,False,True,False,False,False,False,True,False,False,False,False,False,False,False,False,False,False,False,False,False
day 60,True,True,False,True,False,False,False,False,False,False,False,True,False,False,False,False,True,False,False,False,False,False,False,False,False,False,False,False,False,False
day 61,True,True,False,True,False,False,False,False,False,False,False,True,False,False,False,False,True,False,False,False,False,False,False,False,False,False,False,False,False,False
day 62,True,True,False,True,False,False,False,False,False,False,False,True,False,False,False,False,True,False,False,False,False,False,False,False,False,False,False,False,False,False
day 63,True,True,False,True,False,False,False,False,False,False,False,True,False,False,False,False,True,False,False,False,False,False,False,False,False,False,False,False,False,False
day 64,True,True,False,True,False,False,False,False,False,False,False,True,False,False,False,False,True,False,False,False,False,False,False,False,False,False,False,False,False,False
day 65,True,True,False,True,False,False,False,False,False,False,False,True,False,False,False,False,True,False,False,False,False,False,False,False,False,False,False,False,False,False
day 66,True,True,False,True,False,False,False,False,False,False,False,True,False,False,False,False,True,False,False,False,False,False,False,False,False,False,False,False,False,False
day 67,True,True,False,True,False,False,False,False,False,False,False,True,False,False,False,False,True,False,False,False,False,False,False,False,False,False,False,False,False,False
day 68,True,True,False,True,False,False,False,False,False,False,False,True,False,False,False,False,True,False,False,False,False,False,False,False,False,False,False,False,False,False
day 69,True,True,False,True,False,False,False,False,False,False,False,True,False,False,False,False,True,False,False,False,False,False,False,False,False,False,False,False,False,False
day 70,True,True,False,True,False,False,False,False,False,False,False,True,False,False,False,False,True,False,False,False,False,False,False,False,False,False,False,False,False,False
day 71,True,True,False,True,False,False,False,False,False,False,False,True,False,False,False,False,True,False,False,False,False,False,False,False,False,False,False,False,False,False
day 72,True,True,False,True,False,False,False,False,False,False,False,True,False,False,False,False,True,False,False,False,False,False,False,False,False,False,False,False,False,False
day 73,True,True,False,True,False,False,False,False,False,False,False,True,False,False,False,False,True,False,False,False,False,False,False,False,False,False,False,False,False,False
day 74,True,True,False,True,False,False,False,False,False,False,False,True,False,False,False,False,True,False,False,False,False,False,False,False,False,False,False,False,False,False
day 75,True,True,False,True,False,False,False,False,False,False,False,True,False,False,False,False,True,False,False,False,False,False,False,False,False,False,False,False,False,False
day 76,True,True,False,True,False,False,False,False,False,False,False,True,False,False,False,False,True,False,False,False,False,False,False,False,False,False,False,False,False,False
day 77,True,True,False,True,False,False,False,False,False,False,False,True,False,False,False,False,True,False,False,False,False,False,False,False,False,False,False,False,False,False
day 78,True,True,False,True,False,False,False,False,False,False,False,True,False,False,False,False,True,False,False,False,False,False,False,False,False,False,False,False,False,False
day 79,True,True,False,True,False,False,False,False,False,False,False,True,False,False,False,False,True,False,False,False,False,False,False,False,False,False,False,False,False,False
day 80,True,True,False,True,False,False,False,False,False,False,False,True,False,False,False,False,True,False,False,False,False,False,False,False,False,False,False,False,False,False
day 81,True,True,False,True,False,False,False,False,False,False,False,True,False,False,False,False,True,False,False,False,False,False,False,False,False,False,False,False,False,False
day 82,True,True,False,True,False,False,False,False,False,False,False,True,False,False,False,False,True,False,False,False,False,False,False,False,False,False,False,False,False,False
day 83,True,True,False,True,False,False,False,False,False,False,False,True,False,False,False,False,True,False,False,False,False,False,False,False,False,False,False,False,False,False
day 84,True,True,False,True,False,False,False,False,False,False,False,True,False,False,False,False,True,False,False,False,False,False,False,False,False,False,False,False,False,False
day 85,True,True,False,True,False,False,False,False,False,False,False,True,False,False,False,False,True,False,False,False,False,False,False,False,False,False,False,False,False,False
day 86,True,True,False,True,False,False,False,False,False,False,False,True,False,False,False,False,True,False,False,False,False,False,False,False,False,False,False,False,False,False
day 87,True,True,False,True,False,False,False,False,False,False,False,True,False,False,False,False,True,False,False,False,False,False,False,False,False,False,False,False,False,False
day 88,True,True,False,True,False,False,False,False,False,False,False,True,False,False,False,False,True,False,False,False,False,False,False,False,False,False,False,False,False,False
day 89,True,True,False,True,False,False,False,False,False,False,False,True,False,False,False,False,True,False,False,False,False,False,False,False,False,False,False,False,False,False
day 90,True,True,False,True,False,False,False,False,False,False,False,True,False,False,False,False,True,False,False,False,False,False,False,False,False,False,False,False,False,False
day 91,True,True,False,True,False,False,False,False,False,False,False,True,False,False,False,False,True,False,False,False,False,False,False,False,False,False,False,False,False,False
day 92,True,True,False,True,False,False,False,False,False,False,False,True,False,False,False,False,True,False,False,False,False,False,False,False,False,False,False,False,False,False
day 93,True,True,False,True,False,False,False,False,False,False,False,True,False,False,False,False,True,False,False,False,False,False,False,False,False,False,False,False,False,False
day 94,True,True,False,True,False,False,False,False,False,False,False,True,False,False,False,False,True,False,False,False,False,False,False,False,False,False,False,False,False,False
day 95,True,True,False,True,False,False,False,False,False,False,False,True,False,False,False,False,True,False,False,False,False,False,False,False,False,False,False,False,False,False
day 96,True,True,False,True,False,False,False,False,False,False,False,True,False,False,False,False,True,False,False,False,False,False,False,False,False,False,False,False,False,False
day 97,True,True,False,True,False,False,False,False,False,False,False,True,False,False,False,False,True,False,False,False,False,False,False,False,False,False,False,False,False,False
day 98,True,True,False,True,False,False,False,False,False,False,False,True,False,False,False,False,True,False,False,False,False,False,False,False,False,False,False,False,False,False
day 99,True,True,False,True,False,False,False,False,False,False,False,True,False,False,False,False,True,False,False,False,False,False,False,False,False,False,False,False,False,False
day 100,True,True,False,True,False,False,False,False,False,False,False,True,False,False,False,False,True,False,False,False,False,False,False,False,False,False,False,False,False,False
day 101,True,True,False,True,False,False,False,False,False,False,False,True,False,False,False,False,True,False,False,False,False,False,False,False,False,False,False,False,False,False
day 102,True,True,False,True,False,False,False,False,False,False,False,True,False,False,False,False,True,False,False,False,False,False,False,False,False,False,False,False,False,False
day 103,True,True,False,True,False,False,False,False,False,False,False,True,False,False,False,False,True,False,False,False,False,False,False,False,False,False,False,False,False,False
day 104,True,True,False,True,False,False,False,False,False,False,False,True,False,False,False,False,True,False,False,False,False,False,False,False,False,False,False,False,False,False
day 105,True,True,False,True,False,False,False,False,False,False,False,True,False,False,False,False,True,False,False,False,False,False,False,False,False,False,False,False,False,False
day 106,True,True,False,True,False,False,False,False,False,False,False,True,False,False,False,False,True,False,False,False,False,False,False,False,False,False,False,False,False,False
day 107,True,True,False,True,False,False,False,False,False,False,False,True,False,False,False,False,True,False,False,False,False,False,False,False,False,False,False,False,False,False
day 108,True,True,False,True,False,False,False,False,False,False,False,True,False,False,False,False,True,False,False,False,False,False,False,False,False,False,False,False,False,False
day 109,True,True,False,True,False,False,False,False,False,False,False,True,False,False,False,False,True,False,False,False,False,False,False,False,False,False,False,False,False,False
day 110,True,True,False,True,False,False,False,False,False,False,False,True,False,False,False,False,True,False,False,False,False,False,False,False,False,False,False,False,False,False
day 111,True,True,False,True,False,False,False,False,False,False,False,True,False,False,False,False,True,False,False,False,False,False,False,False,False,False,False,False,False,False
day 112,True,True,False,True,False,False,False,False,False,False,False,True,False,False,False,False,True,False,False,False,False,False,False,False,False,False,False,False,False,False
day 113,True,True,False,True,False,False,False,False,False,False,False,True,False,False,False,False,True,False,False,False,False,False,False,False,False,False,False,False,False,False
day 114,True,True,False,True,False,False,False,False,False,False,False,True,False,False,False,False,True,False,False,False,False,False,True,False,False,False,False,False,False,False
day 115,True,True,False,True,False,False,False,False,False,False,False,True,False,False,False,False,True,False,False,False,False,False,True,False,False,False,False,False,False,False
day 116,True,True,False,True,False,False,False,False,False,False,False,True,False,False,False,False,True,False,False,False,False,False,True,False,False,False,False,False,False,False
day 117,True,True,False,True,False,False,False,False,False,False,False,True,False,False,False,False,True,False,False,False,False,False,True,False,False,False,False,False,False,False
day 118,True,True,False,True,False,False,False,False,False,False,False,True,False,False,False,False,True,False,False,False,False,False,True,False,False,False,False,False,False,False
day 119,True,True,False,True,False,False,False,False,False,False,False,True,False,False,False,False,True,False,False,False,False,False,True,False,False,False,False,False,False,False
day 120,True,True,False,True,False,False,False,False,False,False,False,True,False,False,False,False,True,False,False,False,False,False,True,False,False,False,False,False,False,False
day 121,True,True,False,True,False,False,False,False,False,False,False,True,False,False,False,False,True,False,False,False,False,False,True,False,False,False,False,False,False,False
day 122,True,True,False,True,False,False,False,False,False,False,False,True,False,False,False,False,True,False,False,False,False,False,True,False,False,False,False,False,False,False
day 123,True,True,False,True,False,False,False,False,False,False,False,True,False,False,False,False,True,False,False,False,False,False,True,False,False,False,False,False,False,False
day 124,True,True,False,True,False,False,False,False,False,False,False,True,False,False,False,False,True,False,False,False,False,False,True,False,False,False,False,False,False,False
day 125,True,True,False,True,False,False,False,False,False,False,False,True,False,False,False,False,True,False,False,False,False,False,True,False,False,False,False,False,False,False
day 126,True,True,False,True,False,False,False,False,False,False,False,True,False,False,False,False,True,False,False,False,False,False,True,False,False,False,False,False,False,False
day 127,True,True,False,True,False,False,False,False,False,False,False,True,False,False,False,False,True,False,False,False,False,False,True,False,False,False,False,False,False,False
day 128,True,True,False,True,False,False,False,False,False,False,False,True,False,False,False,False,True,False,False,False,False,False,True,False,False,False,False,False,False,False
day 129,True,True,False,True,False,False,False,False,False,False,False,True,False,False,False,False,True,False,False,False,False,False,True,False,False,False,False,False,False,False
day 130,True,True,False,True,False,False,False,False,False,False,False,True,False,False,False,False,True,False,False,False,False,False,True,False,False,False,False,False,False,False
day 131,True,True,False,True,False,False,False,True,False,False,False,True,False,False,False,False,True,False,False,False,False,False,True,False,False,False,False,False,False,False
day 132,True,True,False,True,False,False,False,True,False,False,False,True,False,False,False,False,True,False,False,False,False,False,True,False,False,False,False,False,False,False
day 133,True,True,False,True,False,False,False,True,False,False,False,True,False,False,False,False,True,False,False,False,False,False,True,False,False,False,False,False,False,False
day 134,True,True,False,True,False,False,False,True,False,False,False,True,False,False,False,False,True,False,False,False,False,False,True,False,False,False,False,False,False,False
day 135,True,True,False,True,False,False,False,True,False,False,False,True,False,False,False,False,True,False,False,False,False,False,True,False,False,False,False,False,False,False
day 136,True,True,False,True,False,False,False,True,False,False,False,True,False,False,False,False,True,False,False,False,False,False,True,False,False,False,False,False,False,False
day 137,True,True,False,True,False,False,False,True,True,False,False,True,False,False,False,False,True,False,False,False,False,False,True,False,False,False,False,False,False,False
day 138,True,True,False,True,False,False,False,True,True,False,False,True,False,False,False,False,True,False,False,False,False,False,True,False,False,False,False,False,False,False
day 139,True,True,False,True,False,False,False,True,True,False,False,True,False,False,False,False,True,False,False,False,False,False,True,False,False,False,False,False,False,False
day 140,True,True,False,True,False,False,False,True,True,False,False,True,False,False,False,False,True,False,False,False,False,False,True,False,False,False,False,False,False,False
day 141,True,True,False,True,False,False,False,True,True,False,False,True,False,False,False,False,True,False,False,False,False,False,True,False,False,False,False,False,False,False
day 142,True,True,False,True,False,False,False,True,True,False,False,True,False,False,False,False,True,False,False,False,False,False,True,False,False,False,False,False,False,False
day 143,True,True,False,True,False,False,False,True,True,False,False,True,False,False,False,False,True,False,False,False,False,False,True,False,False,False,False,False,False,False
day 144,True,True,False,True,False,False,False,True,True,False,False,True,False,False,False,False,True,False,False,False,False,False,True,False,False,False,False,False,False,False
day 145,True,True,False,True,False,False,False,True,True,False,False,True,False,False,False,False,True,False,False,False,False,False,True,False,False,False,False,False,False,False
day 146,True,True,False,True,False,False,False,True,True,False,False,True,False,False,False,False,True,False,False,False,False,False,True,False,False,False,False,False,False,False
day 147,True,True,False,True,False,False,False,True,True,False,False,True,False,False,False,False,True,False,False,False,False,False,True,False,False,False,False,False,False,False
day 148,True,True,False,True,False,False,False,True,True,False,False,True,False,False,False,False,True,False,False,False,False,False,True,False,False,False,False,False,False,False
day 149,True,True,False,True,False,False,False,True,True,False,False,True,False,False,False,False,True,False,False,False,False,False,True,False,False,False,False,False,False,False
day 150,True,True,False,True,False,False,False,True,True,False,False,True,False,False,False,False,True,False,False,False,False,False,True,False,False,False,False,False,False,False
day 151,True,True,False,True,False,False,False,True,True,False,False,True,False,False,False,False,True,False,False,False,False,False,True,False,False,False,False,False,False,False
day 152,True,True,False,True,False,False,False,True,True,False,False,True,False,False,False,False,True,False,False,False,False,False,True,False,False,False,False,False,False,False
day 153,True,True,False,True,False,False,False,True,True,False,False,True,False,False,False,False,True,False,False,False,False,False,True,False,False,False,False,False,False,False
day 154,True,True,False,True,False,False,False,True,True,False,False,True,False,False,False,False,True,False,False,False,False,False,True,False,False,False,False,False,False,False
day 155,True,True,False,True,False,False,False,True,True,False,False,True,False,False,False,False,True,False,False,False,False,False,True,False,False,False,False,False,False,False
day 156,True,True,False,True,False,False,False,True,True,False,False,True,False,False,False,False,True,False,False,False,False,False,True,False,False,False,False,False,False,False
day 157,True,True,False,True,False,False,False,True,True,False,False,True,False,False,False,False,True,False,False,False,False,False,True,False,False,False,False,False,False,False
day 158,True,True,False,True,False,False,False,True,True,False,False,True,False,False,False,False,True,False,False,False,False,False,True,False,False,False,False,False,False,False
day 159,True,True,False,True,False,False,False,True,True,False,False,True,False,False,False,False,True,False,False,False,False,False,True,False,False,False,False,False,False,False
day 160,True,True,False,True,False,False,False,True,True,False,False,True,False,False,False,False,True,False,False,False,False,False,True,False,False,False,False,False,False,False
day 161,True,True,False,True,False,False,False,True,True,False,False,True,False,False,False,False,True,False,False,False,False,False,True,False,False,False,False,False,False,False
day 162,True,True,False,True,False,False,False,True,True,False,False,True,False,False,False,False,True,False,False,False,False,False,True,False,False,False,False,False,False,True
day 163,True,True,False,True,False,False,False,True,True,False,False,True,True,False,False,False,True,False,False,False,False,False,True,False,False,False,False,False,False,True
day 164,True,True,False,True,False,False,False,True,True,False,False,True,True,False,False,False,True,False,False,False,False,False,True,False,False,False,False,False,False,True
day 165,True,True,False,True,False,False,False,True,True,False,False,True,True,False,False,False,True,False,False,False,False,False,True,False,False,False,False,False,False,True
day 166,True,True,False,True,False,False,False,True,True,False,False,True,True,False,False,False,True,False,False,False,False,False,True,False,False,False,False,False,False,True
day 167,True,True,False,True,False,False,False,True,True,False,False,True,True,False,False,False,True,False,False,False,False,False,True,False,False,False,False,False,False,True
day 168,True,True,False,True,False,False,False,True,True,False,False,True,True,False,False,False,True,False,False,False,False,False,True,False,False,False,False,False,False,True
day 169,True,True,False,True,False,False,False,True,True,False,False,True,True,False,False,False,True,False,False,False,False,False,True,False,False,False,False,False,False,True
day 170,True,True,False,True,False,False,False,True,True,False,False,True,True,False,False,False,True,False,False,False,False,False,True,False,False,False,False,False,False,True
day 171,True,True,False,True,False,True,False,True,True,False,False,True,True,False,False,False,True,False,False,False,False,False,True,False,False,False,False,False,False,True
day 172,True,True,False,True,False,True,False,True,True,False,False,True,True,False,False,False,True,False,False,False,False,False,True,False,False,False,False,False,False,True
day 173,True,True,False,True,False,True,False,True,True,False,False,True,True,False,False,False,True,False,False,False,False,False,True,False,False,False,False,False,False,True
day 174,True,True,False,True,False,True,False,True,True,False,False,True,True,False,False,False,True,False,False,False,False,False,True,False,False,False,False,False,False,True
day 175,True,True,False,True,False,True,False,True,True,False,False,True,True,False,False,False,True,False,False,False,False,False,True,False,False,False,False,False,False,True
day 176,True,True,False,True,False,True,False,True,True,False,False,True,True,False,False,False,True,False,False,False,False,False,True,False,False,False,False,False,False,True
day 177,True,True,False,True,False,True,False,True,True,False,False,True,True,False,False,False,True,False,False,False,False,False,True,False,False,False,False,False,False,True
day 178,True,True,False,True,False,True,False,True,True,False,False,True,True,False,False,False,True,False,False,False,False,False,True,False,False,False,False,False,False,True
day 179,True,True,False,True,False,True,False,True,True,False,False,True,True,False,False,False,True,False,False,False,False,False,True,False,False,False,False,False,False,True
day 180,True,True,False,True,False,True,False,True,True,False,False,True,True,False,True,False,True,False,False,False,False,False,True,False,False,False,False,False,False,True
day 181,True,True,False,True,False,True,False,True,True,False,False,True,True,False,True,False,True,False,False,False,False,False,True,False,False,False,False,False,False,True
day 182,True,True,False,True,False,True,False,True,True,False,False,True,True,False,True,False,True,False,False,False,False,False,True,False,False,False,False,False,False,True
day 183,True,True,False,True,False,True,False,True,True,False,False,True,True,False,True,False,True,False,False,False,False,False,True,False,False,False,False,False,False,True
day 184,True,True,False,True,False,True,False,True,True,False,False,True,True,False,True,False,True,False,False,False,False,False,True,False,False,False,False,False,False,True
day 185,True,True,False,True,False,True,False,True,True,False,False,True,True,False,True,False,True,False,False,False,False,False,True,False,False,False,False,False,False,True
day 186,True,True,False,True,False,True,False,True,True,False,False,True,True,False,True,False,True,False,False,False,False,False,True,False,False,False,False,False,False,True
day 187,True,True,False,True,False,True,False,True,True,False,False,True,True,False,True,False,True,False,False,False,False,False,True,False,False,False,False,False,False,True
day 188,True,True,False,True,False,True,False,True,True,False,False,True,True,False,True,False,True,False,False,False,False,False,True,False,False,False,False,False,False,True
day 189,True,True,False,True,False,True,False,True,True,False,False,True,True,False,True,False,True,False,False,False,False,False,True,False,False,False,False,False,False,True
day 190,True,True,False,True,False,True,False,True,True,False,False,True,True,False,True,False,True,False,False,False,False,False,True,False,False,False,False,False,False,True
day 191,True,True,False,True,False,True,False,True,True,False,False,True,True,False,True,False,True,False,False,False,False,False,True,False,False,False,False,False,False,True
day 192,True,True,False,True,False,True,False,True,True,False,False,True,True,False,True,False,True,False,False,False,False,False,True,False,False,False,False,False,False,True
day 193,True,True,False,True,False,True,False,True,True,False,False,True,True,False,True,False,True,False,False,False,False,False,True,False,False,False,False,False,False,True
day 194,True,True,True,True,False,True,False,True,True,False,False,True,True,False,True,False,True,False,False,False,False,False,True,False,False,False,False,False,False,True
day 195,True,True,True,True,False,True,False,True,True,False,False,True,True,False,True,False,True,False,False,False,False,False,True,False,False,False,False,False,False,True
day 196,True,True,True,True,False,True,False,True,True,False,False,True,True,False,True,False,True,False,False,False,False,False,True,False,False,False,False,False,False,True
day 197,True,True,True,True,False,True,False,True,True,False,False,True,True,False,True,False,True,False,False,False,False,False,True,False,False,False,False,False,False,True
day 198,True,True,True,True,False,True,True,True,True,False,False,True,True,False,True,False,True,False,False,False,False,False,True,False,False,False,False,False,False,True
day 199,True,True,True,True,False,True,True,True,True,False,False,True,True,False,True,False,True,False,False,False,False,False,True,False,False,False,False,False,False,True
day 200,True,True,True,True,False,True,True,True,True,False,False,True,True,False,True,False,True,False,False,False,False,False,True,False,False,False,False,False,False,True
day 201,True,True,True,True,False,True,True,True,True,False,False,True,True,False,True,False,True,False,False,False,False,False,True,False,False,False,False,False,False,True
day 202,True,True,True,True,False,True,True,True,True,False,False,True,True,False,True,False,True,False,False,False,False,False,True,False,False,False,False,False,False,True
day 203,True,True,True,True,False,True,True,True,True,False,False,True,True,False,True,False,True,False,False,False,False,False,True,False,False,False,False,False,False,True
day 204,True,True,True,True,False,True,True,True,True,False,False,True,True,False,True,False,True,False,False,False,False,False,True,False,False,False,False,False,False,True
day 205,True,True,True,True,False,True,True,True,True,False,False,True,True,False,True,False,True,False,False,False,False,False,True,False,False,False,False,False,False,True
day 206,True,True,True,True,False,True,True,True,True,False,False,True,True,False,True,False,True,False,False,False,False,False,True,False,False,False,False,False,False,True
day 207,True,True,True,True,False,True,True,True,True,False,False,True,True,False,True,False,True,False,False,False,False,False,True,False,False,False,False,False,False,True
day 208,True,True,True,True,False,True,True,True,True,False,False,True,True,False,True,False,True,False,False,False,False,False,True,False,False,False,False,False,False,True
day 209,True,True,True,True,False,True,True,True,True,False,False,True,True,False,True,False,True,False,False,False,False,False,True,False,False,False,False,False,False,True
day 210,True,True,True,True,False,True,True,True,True,False,False,True,True,False,True,False,True,False,False,False,False,False,True,False,False,False,False,False,False,True
day 211,True,True,True,True,False,True,True,True,True,False,False,True,True,False,True,False,True,False,False,False,False,False,True,False,False,False,False,False,False,True
day 212,True,True,True,True,False,True,True,True,True,False,False,True,True,False,True,False,True,False,False,False,False,False,True,False,False,False,False,False,False,True
day 213,True,True,True,True,False,True,True,True,True,False,False,True,True,False,True,False,True,False,False,False,False,False,True,False,False,False,False,False,False,True
day 214,True,True,True,True,False,True,True,True,True,False,False,True,True,False,True,False,True,False,False,False,False,False,True,False,False,False,False,False,False,True
day 215,True,True,True,True,False,True,True,True,True,False,False,True,True,False,True,False,True,False,False,False,False,False,True,False,False,False,False,False,False,True
day 216,True,True,True,True,False,True,True,True,True,False,False,True,True,False,True,False,True,False,False,False,False,False,True,False,False,False,False,False,False,True
day 217,True,True,True,True,False,True,True,True,True,False,False,True,True,False,True,False,True,False,False,False,False,False,True,False,False,False,False,False,False,True
day 218,True,True,True,True,False,True,True,True,True,False,False,True,True,False,True,False,True,False,False,False,False,False,True,False,False,False,False,False,False,True
day 219,True,True,True,True,False,True,True,True,True,False,False,True,True,False,True,False,True,False,False,False,False,False,True,False,False,False,False,False,False,True
day 220,True,True,True,True,False,True,True,True,True,False,False,True,True,False,True,False,True,False,False,False,False,False,True,False,False,False,False,False,False,True
day 221,True,True,True,True,True,True,True,True,True,False,False,True,True,False,True,False,True,False,False,False,False,False,True,False,False,False,False,False,False,True
day 222,True,True,True,True,True,True,True,True,True,False,False,True,True,False,True,False,True,False,False,False,False,False,True,False,False,False,False,False,False,True
day 223,True,True,True,True,True,True,True,True,True,False,False,True,True,False,True,False,True,False,False,False,False,False,True,False,False,False,False,False,False,True
day 224,True,True,True,True,True,True,True,True,True,False,False,True,True,False,True,False,True,False,False,False,False,False,True,False,False,False,False,False,False,True
day 225,True,True,True,True,True,True,True,True,True,False,False,True,True,False,True,False,True,False,False,False,False,False,True,False,False,False,False,False,False,True
day 226,True,True,True,True,True,True,True,True,True,False,False,True,True,False,True,False,True,False,False,False,False,False,True,False,False,False,False,False,False,True
day 227,True,True,True,True,True,True,True,True,True,False,False,True,True,False,True,False,True,False,False,False,False,False,True,False,False,False,False,False,False,True
day 228,True,True,True,True,True,True,True,True,True,False,False,True,True,False,True,False,True,False,False,False,False,False,True,False,False,False,False,False,False,True
day 229,True,True,True,True,True,True,True,True,True,False,False,True,True,False,True,False,True,False,False,False,False,False,True,False,False,False,False,False,False,True
day 230,True,True,True,True,True,True,True,True,True,False,True,True,True,False,True,False,True,False,False,False,False,False,True,False,False,False,False,False,False,True
day 231,True,True,True,True,True,True,True,True,True,False,True,True,True,False,True,False,True,False,False,False,False,False,True,False,False,False,False,False,False,True
day 232,True,True,True,True,True,True,True,True,True,False,True,True,True,False,True,False,True,False,False,False,False,False,True,False,False,False,False,False,False,True
day 233,True,True,True,True,True,True,True,True,True,False,True,True,True,False,True,False,True,False,False,False,False,False,True,False,False,False,False,False,False,True
day 234,True,True,True,True,True,True,True,True,True,False,True,True,True,False,True,False,True,False,False,False,False,False,True,False,False,False,False,False,False,True
day 235,True,True,True,True,True,True,True,True,True,False,True,True,True,False,True,False,True,False,False,False,False,False,True,False,False,False,False,False,False,True
day 236,True,True,True,True,True,True,True,True,True,False,True,True,True,False,True,False,True,True,False,False,False,False,True,False,False,False,False,False,False,True
day 237,True,True,True,True,True,True,True,True,True,False,True,True,True,False,True,False,True,True,False,False,False,False,True,False,False,False,False,False,False,True
day 238,True,True,True,True,True,True,True,True,True,False,True,True,True,False,True,False,True,True,False,False,False,False,True,False,False,False,False,False,False,True
day 239,True,True,True,True,True,True,True,True,True,False,True,True,True,False,True,False,True,True,False,False,False,False,True,False,False,False,False,False,False,True
day 240,True,True,True,True,True,True,True,True,True,False,True,True,True,False,True,False,True,True,False,False,False,False,True,False,False,False,False,False,False,True
day 241,True,True,True,True,True,True,True,True,True,False,True,True,True,False,True,False,True,True,False,False,False,False,True,False,False,False,False,False,False,True
day 242,True,True,True,True,True,True,True,True,True,False,True,True,True,False,True,False,True,True,False,False,False,False,True,False,False,False,False,False,False,True
day 243,True,True,True,True,True,True,True,True,True,False,True,True,True,False,True,False,True,True,False,False,False,False,True,False,False,False,False,False,False,True
day 244,True,True,True,True,True,True,True,True,True,False,True,True,True,False,True,False,True,True,False,False,False,False,True,False,False,False,False,False,False,True
day 245,True,True,True,True,True,True,True,True,True,False,True,True,True,False,True,False,True,True,False,False,False,False,True,False,False,False,False,False,False,True
day 246,True,True,True,True,True,True,True,True,True,False,True,True,True,False,True,False,True,True,False,False,False,False,True,False,False,False,False,False,False,True
day 247,True,True,True,True,True,True,True,True,True,False,True,True,True,False,True,False,True,True,False,False,False,False,True,False,False,False,False,False,False,True
day 248,True,True,True,True,True,True,True,True,True,False,True,True,True,False,True,False,True,True,False,False,False,False,True,False,False,False,False,False,False,True
day 249,True,True,True,True,True,True,True,True,True,False,True,True,True,False,True,False,True,True,False,False,False,False,True,False,False,False,False,False,False,True
day 250,True,True,True,True,True,True,True,True,True,False,True,True,True,False,True,False,True,True,False,False,False,False,True,False,False,False,False,False,False,True
day 251,True,True,True,True,True,True,True,True,True,False,True,True,True,False,True,False,True,True,False,False,False,False,True,False,False,False,False,False,False,True
day 252,True,True,True,True,True,True,True,True,True,False,True,True,True,False,True,False,True,True,False,False,False,False,True,False,False,False,False,False,False,True
day 253,True,True,True,True,True,True,True,True,True,False,True,True,True,False,True,False,True,True,False,False,False,False,True,False,False,False,False,False,False,True
day 254,True,True,True,True,True,True,True,True,True,False,True,True,True,False,True,False,True,True,False,False,False,False,True,False,False,False,False,False,False,True
day 255,True,True,True,True,True,True,True,True,True,False,True,True,True,False,True,False,True,True,False,False,False,False,True,False,False,False,False,False,False,True
day 256,True,True,True,True,True,True,True,True,True,False,True,True,True,False,True,False,True,True,False,False,False,False,True,False,False,False,False,False,False,True
day 257,True,True,True,True,True,True,True,True,True,False,True,True,True,False,True,False,True,True,False,False,False,False,True,False,False,False,False,False,False,True
day 258,True,True,True,True,True,True,True,True,True,False,True,True,True,False,True,False,True,True,False,False,False,False,True,False,False,False,False,False,False,True
day 259,True,True,True,True,True,True,True,True,True,False,True,True,True,False,True,False,True,True,False,False,False,False,True,False,False,False,False,False,False,True
day 260,True,True,True,True,True,True,True,True,True,False,True,True,True,False,True,False,True,True,False,False,False,False,True,False,False,False,False,False,False,True
day 261,True,True,True,True,True,True,True,True,True,False,True,True,True,False,True,False,True,True,False,False,False,False,True,False,False,False,False,False,False,True
day 262,True,True,True,True,True,True,True,True,True,False,True,True,True,False,True,False,True,True,False,False,False,False,True,False,False,False,False,False,False,True
day 263,True,True,True,True,True,True,True,True,True,False,True,True,True,False,True,False,True,True,False,False,False,False,True,False,False,False,False,False,False,True
day 264,True,True,True,True,True,True,True,True,True,False,True,True,True,False,True,False,True,True,False,False,False,False,True,False,False,False,False,False,False,True
day 265,True,True,True,True,True,True,True,True,True,False,True,True,True,False,True,False,True,True,False,False,False,False,True,False,False,False,False,False,False,True
day 266,True,True,True,True,True,True,True,True,True,False,True,True,True,False,True,False,True,True,False,False,False,False,True,False,False,False,False,False,False,True
day 267,True,True,True,True,True,True,True,True,True,False,True,True,True,False,True,False,True,True,False,False,False,False,True,False,False,False,False,False,False,True
day 268,True,True,True,True,True,True,True,True,True,False,True,True,True,False,True,False,True,True,False,False,False,False,True,False,False,False,False,False,False,True
day 269,True,True,True,True,True,True,True,True,True,False,True,True,True,False,True,False,True,True,False,False,False,False,True,False,False,False,False,False,False,True
day 270,True,True,True,True,True,True,True,True,True,False,True,True,True,False,True,False,True,True,False,False,False,False,True,False,False,False,False,False,False,True
day 271,True,True,True,True,True,True,True,True,True,False,True,True,True,False,True,False,True,True,False,False,False,False,True,False,False,False,False,False,False,True
day 272,True,True,True,True,True,True,True,True,True,False,True,True,True,False,True,False,True,True,False,False,False,False,True,False,False,False,False,False,False,True
day 273,True,True,True,True,True,True,True,True,True,False,True,True,True,False,True,False,True,True,False,False,False,False,True,False,False,False,False,False,False,True
day 274,True,True,True,True,True,True,True,True,True,False,True,True,True,False,True,False,True,True,False,False,False,False,True,False,False,False,False,False,False,True
day 275,True,True,True,True,True,True,True,True,True,False,True,True,True,False,True,False,True,True,False,False,False,False,True,False,False,False,False,False,False,True
day 276,True,True,True,True,True,True,True,True,True,False,True,True,True,False,True,False,True,True,False,False,False,False,True,False,False,False,False,False,False,True
day 277,True,True,True,True,True,True,True,True,True,False,True,True,True,False,True,False,True,True,False,False,False,False,True,False,False,False,False,False,False,True
day 278,True,True,True,True,True,True,True,True,True,False,True,True,True,False,True,False,True,True,False,False,False,False,True,False,False,False,False,False,False,True
day 279,True,True,True,True,True,True,True,True,True,False,True,True,True,False,True,False,True,True,False,False,False,False,True,False,False,False,False,False,False,True
day 280,True,True,True,True,True,True,True,True,True,False,True,True,True,False,True,False,True,True,False,False,False,False,True,False,False,False,False,False,False,True
day 281,True,True,True,True,True,True,True,True,True,False,True,True,True,False,True,False,True,True,False,False,False,False,True,False,False,False,False,False,False,True
day 282,True,True,True,True,True,True,True,True,True,False,True,True,True,False,True,False,True,True,False,False,False,False,True,False,False,False,False,False,False,True
day 283,True,True,True,True,True,True,True,True,True,False,True,True,True,False,True,False,True,True,False,False,False,False,True,False,False,False,False,False,False,True
day 284,True,True,True,True,True,True,True,True,True,False,True,True,True,False,True,False,True,True,False,False,False,False,True,False,False,False,False,False,False,True
day 285,True,True,True,True,True,True,True,True,True,False,True,True,True,False,True,False,True,True,False,False,False,False,True,False,False,False,False,False,False,True
day 286,True,True,True,True,True,True,True,True,True,False,True,True,True,False,True,False,True,True,False,False,False,False,True,False,False,False,False,False,False,True
day 287,True,True,True,True,True,True,True,True,True,False,True,True,True,False,True,False,True,True,False,False,False,False,True,False,False,False,False,False,False,True
day 288,True,True,True,True,True,True,True,True,True,False,True,True,True,False,True,False,True,True,False,False,False,False,True,False,False,False,False,False,False,True
day 289,True,True,True,True,True,True,True,True,True,False,True,True,True,False,True,False,True,True,False,False,False,False,True,False,False,False,False,False,False,True
day 290,True,True,True,True,True,True,True,True,True,False,True,True,True,False,True,False,True,True,False,False,False,False,True,False,False,False,False,False,False,True
day 291,True,True,True,True,True,True,True,True,True,False,True,True,True,False,True,False,True,True,False,False,False,False,True,False,False,False,False,False,False,True
day 292,True,True,True,True,True,True,True,True,True,False,True,True,True,False,True,False,True,True,False,False,False,False,True,False,False,False,False,False,False,True
day 293,True,True,True,True,True,True,True,True,True,False,True,True,True,False,True,False,True,True,False,False,False,False,True,False,False,False,False,False,False,True
day 294,True,True,True,True,True,True,True,True,True,False,True,True,True,False,True,False,True,True,False,False,False,False,True,False,False,False,False,False,False,True
day 295,True,True,True,True,True,True,True,True,True,False,True,True,True,False,True,False,True,True,False,False,False,False,True,False,False,False,False,False,False,True
day 296,True,True,True,True,True,True,True,True,True,False,True,True,True,False,True,False,True,True,False,False,False,False,True,False,False,False,False,False,False,True
day 297,True,True,True,True,True,True,True,True,True,False,True,True,True,False,True,False,True,True,False,False,False,False,True,False,False,False,False,False,False,True
day 298,True,True,True,True,True,True,True,True,True,False,True,True,True,False,True,False,True,True,False,False,False,False,True,False,False,False,False,False,False,True
day 299,True,True,True,True,True,True,True,True,True,False,True,True,True,False,True,False,True,True,False,False,False,False,True,False,False,False,False,False,False,True
day 300,True,True,True,True,True,True,True,True,True,False,True,True,True,False,True,False,True,True,False,False,False,False,True,False,False,False,False,False,False,True
day 301,True,True,True,True,True,True,True,True,True,False,True,True,True,False,True,False,True,True,False,False,False,False,True,False,False,False,False,False,False,True
day 302,True,True,True,True,True,True,True,True,True,False,True,True,True,False,True,False,True,True,False,False,False,False,True,False,False,False,False,False,False,True
day 303,True,True,True,True,True,True,True,True,True,False,True,True,True,False,True,False,True,True,False,False,False,False,True,False,False,False,False,False,False,True
day 304,True,True,True,True,True,True,True,True,True,False,True,True,True,False,True,False,True,True,False,False,False,False,True,False,False,False,False,False,False,True
day 305,True,True,True,True,True,True,True,True,True,False,True,True,True,False,True,False,True,True,False,False,False,False,True,False,False,False,False,False,False,True
day 306,True,True,True,True,True,True,True,True,True,False,True,True,True,False,True,False,True,True,False,False,False,False,True,False,False,False,False,False,False,True
day 307,True,True,True,True,True,True,True,True,True,False,True,True,True,False,True,False,True,True,False,False,False,False,True,False,False,False,False,False,False,True
day 308,True,True,True,True,True,True,True,True,True,False,True,True,True,False,True,False,True,True,False,False,False,False,True,False,False,False,False,False,False,True
day 309,True,True,True,True,True,True,True,True,True,False,True,True,True,False,True,False,True,True,False,False,False,False,True,False,False,False,False,False,False,True
day 310,True,True,True,True,True,True,True,True,True,False,True,True,True,False,True,False,True,True,False,False,False,False,True,False,False,False,False,False,False,True
day 311,True,True,True,True,True,True,True,True,True,False,True,True,True,False,True,False,True,True,False,False,False,False,True,False,False,False,False,False,False,True
day 312,True,True,True,True,True,True,True,True,True,False,True,True,True,False,True,False,True,True,False,False,False,False,True,False,False,False,False,False,False,True
day 313,True,True,True,True,True,True,True,True,True,False,True,True,True,False,True,False,True,True,False,False,False,False,True,False,False,False,False,False,False,True
day 314,True,True,True,True,True,True,True,True,True,False,True,True,True,False,True,False,True,True,False,False,False,False,True,False,False,False,False,False,False,True
day 315,True,True,True,True,True,True,True,True,True,False,True,True,True,False,True,False,True,True,False,False,False,False,True,False,False,False,False,False,False,True
day 316,True,True,True,True,True,True,True,True,True,False,True,True,True,False,True,False,True,True,False,False,False,False,True,False,False,False,False,False,False,True
day 317,True,True,True,True,True,True,True,True,True,False,True,True,True,False,True,False,True,True,False,False,False,False,True,False,False,False,False,False,False,True
day 318,True,True,True,True,True,True,True,True,True,False,True,True,True,False,True,False,True,True,False,False,False,False,True,False,False,False,False,False,False,True
day 319,True,True,True,True,True,True,True,True,True,False,True,True,True,False,True,False,True,True,False,False,False,False,True,False,False,False,False,False,False,True
day 320,True,True,True,True,True,True,True,True,True,False,True,True,True,False,True,False,True,True,False,False,False,False,True,False,False,False,False,False,False,True
day 321,True,True,True,True,True,True,True,True,True,False,True,True,True,False,True,False,True,True,False,False,False,False,True,False,False,False,False,False,False,True
day 322,True,True,True,True,True,True,True,True,True,False,True,True,True,False,True,False,True,True,False,False,False,False,True,False,False,False,False,False,False,True
day 323,True,True,True,True,True,True,True,True,True,False,True,True,True,False,True,False,True,True,False,False,False,False,True,False,False,False,False,False,False,True
day 324,True,True,True,True,True,True,True,True,True,False,True,True,True,False,True,False,True,True,False,False,False,False,True,False,False,False,False,False,False,True
day 325,True,True,True,True,True,True,True,True,True,False,True,True,True,False,True,False,True,True,False,False,False,False,True,False,False,False,False,False,False,True
day 326,True,True,True,True,True,True,True,True,True,False,True,True,True,False,True,False,True,True,False,False,False,False,True,False,False,False,False,False,False,True
day 327,True,True,True,True,True,True,True,True,True,False,True,True,True,False,True,False,True,True,False,False,False,False,True,False,False,False,False,False,False,True
day 328,True,True,True,True,True,True,True,True,True,False,True,True,True,False,True,False,True,True,False,False,False,False,True,False,False,False,False,False,False,True
day 329,True,True,True,True,True,True,True,True,True,False,True,True,True,False,True,False,True,True,False,False,False,False,True,False,False,False,False,False,False,True
day 330,True,True,True,True,True,True,True,True,True,False,True,True,True,False,True,False,True,True,False,False,False,False,True,False,False,False,False,False,False,True
day 331,True,True,True,True,True,True,True,True,True,False,True,True,True,False,True,False,True,True,False,False,False,False,True,False,False,False,False,False,False,True
day 332,True,True,True,True,True,True,True,True,True,False,True,True,True,False,True,False,True,True,False,False,False,False,True,False,False,False,False,False,False,True
day 333,True,True,True,True,True,True,True,True,True,False,True,True,True,False,True,False,True,True,False,False,False,False,True,False,False,False,False,False,False,True
day 334,True,True,True,True,True,True,True,True,True,False,True,True,True,False,True,False,True,True,False,False,False,False,True,False,False,False,False,False,False,True
day 335,True,True,True,True,True,True,True,True,True,False,True,True,True,False,True,False,True,True,False,False,False,False,True,False,False,False,False,False,False,True
day 336,True,True,True,True,True,True,True,True,True,False,True,True,True,False,True,False,True,True,False,False,False,False,True,False,False,False,False,False,False,True
day 337,True,True,True,True,True,True,True,True,True,False,True,True,True,False,True,False,True,True,False,False,False,False,True,False,False,False,False,False,False,True
day 338,True,True,True,True,True,True,True,True,True,False,True,True,True,False,True,False,True,True,False,False,False,False,True,False,False,False,False,False,False,True
day 339,True,True,True,True,True,True,True,True,True,False,True,True,True,False,True,False,True,True,False,False,False,False,True,False,False,False,False,False,False,True
day 340,True,True,True,True,True,True,True,True,True,False,True,True,True,False,True,False,True,True,False,False,False,False,True,False,False,False,False,False,False,True
day 341,True,True,True,True,True,True,True,True,True,False,True,True,True,False,True,False,True,True,False,False,False,False,True,False,False,False,False,False,False,True
day 342,True,True,True,True,True,True,True,True,True,False,True,True,True,False,True,False,True,True,False,False,False,False,True,False,False,False,False,False,False,True
day 343,True,True,True,True,True,True,True,True,True,False,True,True,True,False,True,False,True,True,False,False,False,False,True,False,False,False,False,False,False,True
day 344,True,True,True,True,True,True,True,True,True,False,True,True,True,False,True,False,True,True,False,False,False,False,True,False,False,False,False,False,False,True
day 345,True,True,True,True,True,True,True,True,True,False,True,True,True,False,True,False,True,True,False,False,False,False,True,False,False,False,False,False,False,True
day 346,True,True,True,True,True,True,True,True,True,False,True,True,True,False,True,False,True,True,False,False,False,False,True,False,False,False,False,False,False,True
day 347,True,True,True,True,True,True,True,True,True,False,True,True,True,False,True,False,True,True,False,False,False,False,True,False,False,False,False,False,False,True
day 348,True,True,True,True,True,True,True,True,True,False,True,True,True,False,True,False,True,True,False,False,False,False,True,False,False,False,False,False,False,True
day 349,True,True,True,True,True,True,True,True,True,False,True,True,True,False,True,False,True,True,False,False,False,False,True,False,False,False,False,False,False,True
day 350,True,True,True,True,True,True,True,True,True,False,True,True,True,False,True,False,True,True,False,False,False,False,True,False,False,False,False,False,False,True
day 351,True,True,True,True,True,True,True,True,True,False,True,True,True,False,True,False,True,True,False,False,False,False,True,False,False,False,False,False,False,True
day 352,True,True,True,True,True,True,True,True,True,False,True,True,True,False,True,False,True,True,False,False,False,False,True,False,False,False,False,False,False,True
day 353,True,True,True,True,True,True,True,True,True,False,True,True,True,False,True,False,True,True,False,False,False,False,True,False,False,False,False,False,False,True
day 354,True,True,True,True,True,True,True,True,True,False,True,True,True,False,True,False,True,True,False,False,False,False,True,False,False,False,False,False,False,True
day 355,True,True,True,True,True,True,True,True,True,False,True,True,True,False,True,False,True,True,False,False,False,False,True,False,False,False,False,False,False,True
day 356,True,True,True,True,True,True,True,True,True,False,True,True,True,False,True,False,True,True,False,False,False,False,True,False,False,False,False,False,False,True
day 357,True,True,True,True,True,True,True,True,True,False,True,True,True,False,True,False,True,True,False,False,False,False,True,False,False,False,False,False,False,True
day 358,True,True,True,True,True,True,True,True,True,False,True,True,True,False,True,False,True,True,False,False,False,False,True,False,False,False,False,False,False,True
day 359,True,True,True,True,True,True,True,True,True,False,True,True,True,False,True,False,True,True,False,False,False,False,True,False,False,False,False,False,False,True
day 360,True,True,True,True,True,True,True,True,True,False,True,True,True,False,True,False,True,True,False,False,False,False,True,False,False,False,False,False,False,True
day 361,True,True,True,True,True,True,True,True,True,False,True,True,True,False,True,False,True,True,False,False,False,False,True,False,False,False,False,False,False,True
day 362,True,True,True,True,True,True,True,True,True,False,True,True,True,False,True,False,True,True,False,False,False,False,True,False,False,False,False,False,False,True
day 363,True,True,True,True,True,True,True,True,True,False,True,True,True,False,True,False,True,True,False,False,False,False,True,False,False,False,False,False,False,True
day 364,True,True,True,True,True,True,True,True,True,False,True,True,True,False,True,False,True,True,False,False,False,False,True,False,False,False,False,False,False,True
day 365,True,True,True,True,True,True,True,True,True,False,True,True,True,False,True,False,True,True,False,False,False,False,True,False,False,False,False,False,False,True
day 366,True,True,True,True,True,True,True,True,True,False,True,True,True,False,True,False,True,True,False,False,False,False,True,False,False,False,False,False,False,True
day 367,True,True,True,True,True,True,True,True,True,False,True,True,True,False,True,False,True,True,False,False,False,False,True,False,False,False,False,False,False,True
day 368,True,True,True,True,True,True,True,True,True,False,True,True,True,False,True,False,True,True,False,False,False,False,True,False,False,False,False,False,False,True
day 369,True,True,True,True,True,True,True,True,True,False,True,True,True,False,True,False,True,True,False,False,False,False,True,False,False,False,False,False,False,True
day 370,True,True,True,True,True,True,True,True,True,False,True,True,True,False,True,False,True,True,False,False,False,False,True,False,False,False,False,False,False,True
day 371,True,True,True,True,True,True,True,True,True,False,True,True,True,False,True,False,True,True,False,False,False,False,True,False,False,False,False,False,False,True
day 372,True,True,True,True,True,True,True,True,True,False,True,True,True,False,True,False,True,True,False,False,False,False,True,False,False,False,False,False,False,True
day 373,True,True,True,True,True,True,True,True,True,False,True,True,True,False,True,False,True,True,False,False,False,False,True,False,False,False,False,False,False,True
day 374,True,True,True,True,True,True,True,True,True,False,True,True,True,False,True,False,True,True,False,False,False,False,True,False,False,False,False,False,False,True
day 375,True,True,True,True,True,True,True,True,True,False,True,True,True,False,True,False,True,True,False,False,False,False,True,False,False,False,False,False,False,True
day 376,True,True,True,True,True,True,True,True,True,False,True,True,True,False,True,False,True,True,False,False,False,False,True,False,False,False,False,False,False,True
day 377,True,True,True,True,True,True,True,True,True,False,True,True,True,False,True,False,True,True,False,False,False,False,True,False,False,False,False,False,False,True
day 378,True,True,True,True,True,True,True,True,True,False,True,True,True,False,True,False,True,True,False,False,False,False,True,False,False,False,False,False,False,True
day 379,True,True,True,True,True,True,True,True,True,False,True,True,True,False,True,False,True,True,False,False,False,False,True,False,False,False,False,False,False,True
day 380,True,True,True,True,True,True,True,True,True,False,True,True,True,False,True,False,True,True,False,False,False,False,True,False,False,False,False,False,False,True
day 381,True,True,True,True,True,True,True,True,True,False,True,True,True,False,True,False,True,True,False,False,False,False,True,False,False,False,False,False,False,True
day 382,True,True,True,True,True,True,True,True,True,False,True,True,True,False,True,False,True,True,False,False,False,False,True,False,False,False,False,False,False,True
day 383,True,True,True,True,True,True,True,True,True,False,True,True,True,False,True,False,True,True,False,False,False,False,True,False,False,False,False,False,False,True
day 384,True,True,True,True,True,True,True,True,True,False,True,True,True,False,True,False,True,True,False,False,False,False,True,False,False,False,False,False,False,True
day 385,True,True,True,True,True,True,True,True,True,False,True,True,True,False,True,False,True,True,False,False,False,False,True,False,False,False,False,False,False,True
day 386,True,True,True,True,True,True,True,True,True,False,True,True,True,False,True,False,True,True,False,False,False,False,True,False,False,False,False,False,False,True
day 387,True,True,True,True,True,True,True,True,True,False,True,True,True,False,True,False,True,True,False,False,False,False,True,False,False,False,False,False,False,True
day 388,True,True,True,True,True,True,True,True,True,False,True,True,True,False,True,False,True,True,False,False,False,False,True,False,False,False,False,False,False,True
day 389,True,True,True,True,True,True,True,True,True,False,True,True,True,False,True,False,True,True,False,False,False,False,True,False,False,False,False,False,False,True
day 390,True,True,True,True,True,True,True,True,True,False,True,True,True,False,True,False,True,True,False,False,False,False,True,False,False,False,False,False,False,True
day 391,True,True,True,True,True,True,True,True,True,False,True,True,True,False,True,False,True,True,False,False,False,False,True,False,False,False,False,False,False,True
day 392,True,True,True,True,True,True,True,True,True,False,True,True,True,False,True,False,True,True,False,False,False,False,True,False,False,False,False,False,False,True
day 393,True,True,True,True,True,True,True,True,True,False,True,True,True,False,True,False,True,True,False,False,False,False,True,False,False,False,False,False,False,True
day 394,True,True,True,True,True,True,True,True,True,False,True,True,True,False,True,False,True,True,False,False,False,False,True,False,False,False,False,False,False,True
day 395,True,True,True,True,True,True,True,True,True,False,True,True,True,False,True,False,True,True,False,False,False,False,True,False,False,False,False,False,False,True
day 396,True,True,True,True,True,True,True,True,True,False,True,True,True,False,True,False,True,True,False,False,False,False,True,False,False,False,False,False,False,True
day 397,True,True,True,True,True,True,True,True,True,False,True,True,True,False,True,False,True,True,False,False,False,False,True,False,False,False,False,False,False,True
day 398,True,True,True,True,True,True,True,True,True,False,True,True,True,False,True,False,True,True,False,False,False,False,True,False,False,False,False,False,False,True
day 399,True,True,True,True,True,True,True,True,True,False,True,True,True,False,True,False,True,True,False,False,False,False,True,False,False,False,False,False,False,True
